date,ticker,close_norm,volume_norm,returns,rsi,market_return_norm
2020-01-01,AAPL,2.3123944499637816,0.2600492271592335,-0.018352844759282363,17.337669978640236,0.010828921362051483
2020-01-01,MSFT,0.22614043948321574,-0.8367497677656865,0.018077162909629938,29.365873861664728,-0.00910253617282935
2020-01-01,GOOGL,0.7498371364688705,0.4073700023683526,0.007887733651638197,41.18714877192272,0.008126992136241552
2020-01-02,AAPL,0.1760656490189485,-0.5570731001338429,-0.02200783584199254,40.31478612156659,-0.00934381758475353
2020-01-02,MSFT,-0.9511759644653734,-0.6732045136084865,-0.03331921324667937,98.87922930323396,0.007641231244971917
2020-01-02,GOOGL,0.8196220851180016,0.5384195488993907,0.0077859811151361705,35.42401528255637,0.021923225802955536
2020-01-03,AAPL,0.6989569414995258,-1.527316057789864,-0.0012718028491733088,14.794839713190633,0.008892666573848162
2020-01-03,MSFT,-0.506379142705063,0.8995233859498576,-0.013405798989290469,0.6713186460283627,0.008821896552257208
2020-01-03,GOOGL,-1.4820361002337394,0.32951898003470464,0.013904908881470682,69.06740579793073,0.00434362753823449
2020-01-04,AAPL,-0.9123377533643651,0.7073991690066023,0.006591599130569119,7.114542951031999,0.00955738954170244
2020-01-04,MSFT,-0.48898709442333366,-0.580068992314453,-0.040984897895736234,69.31003160639717,0.006018867693500299
2020-01-04,GOOGL,-1.3439952577581005,1.9706999282347855,0.02379961439616557,5.919320672671113,-0.006987467754706791
2020-01-05,AAPL,-0.6311012387192112,-0.4184968277253244,-0.01929737410912621,17.176544258234784,-0.01428674934727157
2020-01-05,MSFT,-0.37118618936658737,1.195481333122495,-0.0135682686191501,9.2663905828816,0.00750687121214648
2020-01-05,GOOGL,1.245487496890994,-0.4638870395023242,-0.009375738067246531,33.41579703515778,0.002299972366971778
2020-01-06,AAPL,-0.35811409094111707,-1.6343281024290617,-0.02093564208823194,14.755696010704888,0.014986128442594062
2020-01-06,MSFT,-0.2538419237523237,0.39683771784108973,0.011315659157783136,11.60101570650588,0.006088879810850464
2020-01-06,GOOGL,0.35542935919165447,0.8191408717358427,0.027691877836707613,30.112801777468235,0.011506573122110229
2020-01-07,AAPL,0.09756861997448266,1.7799600945372458,0.00940836793345213,46.33950123623758,-0.007696121374115931
2020-01-07,MSFT,-2.2745670950574133,-0.2616578197667201,0.012714286570945523,57.844864222242556,0.005836808042123334
2020-01-07,GOOGL,-0.5399417970722711,-0.20111642053450868,-0.012214085922718632,1.5983031319915741,-0.004785218703951774
2020-01-08,AAPL,-0.4579572892283317,0.5165939510628129,0.0038806936740657313,99.54612677300982,-0.008513507750796038
2020-01-08,MSFT,-0.718172687613433,-1.0647805767511365,0.013873320829731344,12.950070619063991,0.0015762502317507002
2020-01-08,GOOGL,-0.10212914530146285,-1.2613174293547047,-0.033715266156634775,35.27658053417259,0.007051249120806881
2020-01-09,AAPL,-0.24815059235456519,-1.3843793619504645,-0.024417188010156635,69.87505092960475,-0.0035879734106932966
2020-01-09,MSFT,0.18691803335960944,0.8183496393259243,-0.0005083170189565435,8.826501611207016,-0.01418764783925599
2020-01-09,GOOGL,0.1748999816582887,-1.0735061298445,0.027459074870473492,36.12017343872029,0.008140213624036285
2020-01-10,AAPL,0.39024788102494945,-2.0488658655446996,0.01703187620387216,45.0880693740695,-8.292898600583078e-05
2020-01-10,MSFT,0.5288407777863872,-0.5852611891443227,0.004227084812111993,89.92143624938087,-0.0070863143890069905
2020-01-10,GOOGL,0.3485802770883404,-1.2903371974006883,-0.009799413672990132,63.648824703583585,0.010741861588453656
2020-01-11,AAPL,-0.5001584782787389,-0.7852384307971033,-0.020974693149367642,76.47286720445702,0.009303282450930673
2020-01-11,MSFT,1.5928114247264793,-0.03854260907522289,0.005581697526974377,42.32094475404041,-0.012579620295013014
2020-01-11,GOOGL,0.2412886706610881,0.4679740803718235,-0.006117523038959354,43.72154710881298,-0.006096959436758995
2020-01-12,AAPL,-0.8224575269041078,-1.8892035231124453,0.003780324562532081,80.39681513960582,-0.014664940392041565
2020-01-12,MSFT,0.3210314279089123,-0.11537169971638102,-0.012451815949663964,75.81698436571224,0.014099659380296833
2020-01-12,GOOGL,-2.3113215693802367,0.06386062574722742,0.060513978686000496,30.32812243738434,-1.6595757874481745e-05
2020-01-13,AAPL,-0.2167575519357491,1.0226519126465674,0.012687664946360118,10.852672919140494,-0.0010870247040762236
2020-01-13,MSFT,-0.18661200941314243,-1.9379924538651634,-0.022973758071374188,94.46342473519567,-0.0033888871519159266
2020-01-13,GOOGL,-0.6762150169482726,0.6701959075334049,0.00043927110370405053,1.0664980143798353,0.016757819845677396
2020-01-14,AAPL,1.4488467816816142,1.3949539610033053,-0.011809199741140555,81.02544735884577,-0.02590264977572681
2020-01-14,MSFT,-0.3556153964084975,1.1269779147453494,0.010507056962017489,25.813427332162664,-0.015067398890763894
2020-01-14,GOOGL,-0.16986505766442261,-0.023287143238034366,-0.021196499772508003,52.31726782784568,-0.0026181991306316386
2020-01-15,AAPL,0.7122286705271931,1.198509808685726,-0.015139432983823396,20.09284193551013,-0.008898956982022747
2020-01-15,MSFT,1.6185082281276886,-1.2457863512726344,0.002590523926483877,5.369506562443482,-0.005705962100144363
2020-01-15,GOOGL,-0.6507206405179491,-0.9082499059330529,-0.016688679137356274,86.98193538782809,0.0166581243528845
2020-01-16,AAPL,2.215057662487284,0.7093366396066473,0.014085385574824636,75.0371303834308,-0.0040012374684442395
2020-01-16,MSFT,2.4845104314641215,0.35059079492027606,0.030037652913730045,41.54299699279393,0.004005431358521657
2020-01-16,GOOGL,0.2644938463606595,-0.14443632811303095,-0.010423015223591379,17.347024811061562,0.007752003707292377
2020-01-17,AAPL,-1.766357440152757,-0.3808019611427905,-0.028161143566304565,44.108991292907206,-0.006391473260100822
2020-01-17,MSFT,-0.3397735312736252,0.3774249438092508,-0.01308668151394,79.35457594058796,-0.0027298258103991
2020-01-17,GOOGL,-0.5506501234782468,0.692003471708147,0.0348049540583988,29.127363676388573,-0.002975197754885406
2020-01-18,AAPL,1.1181073343198278,0.22549963670211526,-0.009572003617951502,75.46097302835982,-0.007958043068891685
2020-01-18,MSFT,-1.3286567445946211,0.10842848347113408,-0.019485872449831618,21.961376490757168,0.012057416208429672
2020-01-18,GOOGL,0.5999416335421914,0.8544241761921445,0.0246485977830513,88.04749488079673,0.009743330774417245
2020-01-19,AAPL,-0.09909649791586031,-0.09494229273446214,-0.020892291005117972,52.37128153203208,-0.005943615929297607
2020-01-19,MSFT,0.17355170919003107,1.4428275144721388,-0.03586305199078466,43.156279402665156,0.009758355580951198
2020-01-19,GOOGL,-0.6519133235137242,-0.45267530212174567,0.004747855647029015,41.75786480756237,-0.010805515338479222
2020-01-20,AAPL,-1.2580504098687646,0.006920652238168258,0.02290192439133354,33.17480413879975,-0.0020259523778333507
2020-01-20,MSFT,-0.5316439896266403,0.6000870176760593,-0.019122093784558467,57.26655704863026,0.01708815414359676
2020-01-20,GOOGL,-0.6734716763356249,1.6921114829954658,0.02069013116039681,88.13656724152324,-0.012284348673989458
2020-01-21,AAPL,-1.7985250040983967,-0.20418770493207417,0.0035198801331482355,10.70560554194524,0.01764651809641466
2020-01-21,MSFT,0.834337560408958,-0.5153745371991016,0.016873449415409632,31.668816768409457,-0.00219616171878216
2020-01-21,GOOGL,0.3207323048927099,0.6015807576262765,0.003006617456549458,24.860291977636418,-0.011225048782836212
2020-01-22,AAPL,-1.0129132318950562,-0.6442853958754912,-0.019000819343141764,62.658820298139005,-0.0019293109297586237
2020-01-22,MSFT,-0.4631233869173346,0.8834952094177674,-0.0005706978838424823,80.366839744073,0.012458660645419341
2020-01-22,GOOGL,-2.079264600226581,0.11013089133390283,0.009436753657952315,33.8924124990465,0.012418421312316874
2020-01-23,AAPL,-0.5355292934561061,2.3685396473875775,-0.027935053551891537,41.9426407475579,-0.013476649972153096
2020-01-23,MSFT,-0.09764018642629374,0.18005003588926347,0.0056905986408163954,66.73149976337147,0.03485502867500355
2020-01-23,GOOGL,-1.5968939779455433,-0.851667729764228,-0.023600432227094074,23.014795491851224,-0.003605422001180316
2020-01-24,AAPL,0.7993929009960047,1.6649121055061449,0.0035748325121358437,85.4967782491714,0.015192277605088256
2020-01-24,MSFT,-2.2818465338577667,-1.4837196859014046,0.028930775836020772,77.28745511695385,-0.002980162553936896
2020-01-24,GOOGL,-0.43018979451970046,0.26288865417675633,-0.03171108496133951,80.00724145866765,-0.0006394465968489342
2020-01-25,AAPL,1.1885981905091785,1.8593636992773406,-0.010360646364230747,12.631725309756003,-0.012627970930596928
2020-01-25,MSFT,0.6605024445620259,1.6800812644424503,0.013014130272237552,28.751056436521015,-0.009432505324716463
2020-01-25,GOOGL,-1.0197736388254006,1.0893618584135882,-0.028557672842168157,84.75865543585198,0.001050527332641096
2020-01-26,AAPL,0.3665831504057067,0.07214760217240071,-0.003210216283985028,74.36102132201012,0.005427369545408456
2020-01-26,MSFT,-0.5414423237692902,1.373712485152483,0.036573456587938175,23.62705593246407,0.009909180546741848
2020-01-26,GOOGL,-0.6075614564632769,0.3867290433893658,0.02785503013413803,85.0034733581861,-0.005207542101322384
2020-01-27,AAPL,-0.25366385200749125,0.4745642076940757,0.014251522140812708,94.50408902871528,-0.0026352043596269926
2020-01-27,MSFT,1.189433563001423,-1.5091068504225824,0.018095723715891666,96.89220757523617,-0.010581625611311981
2020-01-27,GOOGL,-0.888704549323714,-0.1758989113450674,0.0298798848742166,83.05690137714485,0.017983328604117704
2020-01-28,AAPL,0.790224891495834,2.1948505864400225,-0.006447874899079271,99.72489198861425,0.002147116081970594
2020-01-28,MSFT,-0.7090262511812169,1.8028964241814291,0.016966031937578865,72.91272862950764,0.0022045937019414008
2020-01-28,GOOGL,-1.011808246447444,1.1034541210513498,0.018600220775000335,48.721804264042845,-0.005548787253357341
2020-01-29,AAPL,-0.3837091292749121,2.895734420102782,-0.02095191688468398,39.87545492142183,-0.003602762437065154
2020-01-29,MSFT,-1.3665107499835834,1.0746395200812224,0.009987546907460865,4.495604192562375,0.012621450217359404
2020-01-29,GOOGL,0.6423661548075017,-1.9819275092779094,-0.005556316588202247,18.03347478582058,-0.009181667540075149
2020-01-30,AAPL,-0.618931219609647,-1.41774164489051,-0.02131637278020672,35.39892669958332,-0.009305927338689375
2020-01-30,MSFT,0.5602527634468373,-0.7168454528613816,-0.02288165877724459,52.74597599139415,-0.010272363793247466
2020-01-30,GOOGL,-0.9708479718913539,0.39765717960997854,-0.023629861888678917,37.9090733755902,-0.001570888302338317
2020-01-31,AAPL,1.0668094577341194,-1.2333605153989868,0.026895206840536933,88.45203248593252,0.005313315038178302
2020-01-31,MSFT,0.7438757056430284,0.20041266328190255,0.008743333822973482,86.33701859701387,0.013990066670316208
2020-01-31,GOOGL,-0.7184254880714431,1.5811602145697405,-0.010177499291235164,50.640131306309954,0.003313968074512374
2020-02-01,AAPL,-1.531190717942256,-0.7985800933261024,-5.6645416991681335e-05,43.85759405718218,-0.015483217630423457
2020-02-01,MSFT,0.2581154107959138,-0.3378724443311903,-0.006176259622897807,48.74836637423048,0.007903333520604931
2020-02-01,GOOGL,-0.3267832592443564,-0.8643669494434394,-0.013942502921498462,94.30001224674676,-0.001960418584019326
2020-02-02,AAPL,1.4101779966175345,2.703477839169252,-0.006954742112947956,93.78549435651723,0.0054229554782041145
2020-02-02,MSFT,-0.29709708118062816,0.9767769886910769,0.021596622325198465,62.50858621708548,0.016630682424897042
2020-02-02,GOOGL,-0.29007882812228664,0.7906471184930631,-0.007288968766276988,85.68930531583312,-0.00917500064140752
2020-02-03,AAPL,-1.440239731079165,0.168898327937657,-0.0004474682666821604,90.28536078302523,-0.006328226204540678
2020-02-03,MSFT,-0.15783174999620858,-0.0008369885254782889,0.01789992725484472,96.35092743404753,-0.015383481832074625
2020-02-03,GOOGL,-0.021324199077313945,-0.48558640690781263,0.01072045993444994,47.77703294747504,0.00015261034221997942
2020-02-04,AAPL,0.17553220227399355,0.8495144416108177,0.01949783326530246,36.761153124770885,-0.01970683565933793
2020-02-04,MSFT,1.9353693573802566,-0.16061166921878853,-0.005766030889026638,7.410645685866523,0.0016101210712126213
2020-02-04,GOOGL,0.6809031539297142,-0.3469840779423335,-0.04307347597500251,13.432206441151163,0.01774063880976478
2020-02-05,AAPL,0.3469398355509626,-0.5001230360985572,0.02455197335316085,1.1194205763573217,0.001528792862095074
2020-02-05,MSFT,-1.2946079224079112,-0.43993492425068265,0.01616704592411945,30.42491709574441,0.016974857865221623
2020-02-05,GOOGL,1.603182173849171,1.7463147928939395,0.02557378396152157,43.529836181214435,0.00198293471335388
2020-02-06,AAPL,0.9022606002063245,0.1623411252735371,0.028567267303721798,73.89820453224847,0.009538870985109195
2020-02-06,MSFT,-0.625265292769329,-1.5106108108019385,0.02984073049895917,30.85979870046891,-0.008539974540428352
2020-02-06,GOOGL,-0.4517687587110438,0.7640157661096922,-0.026242898840658026,75.02578617059453,0.00454704497919333
2020-02-07,AAPL,1.0514139097708928,0.32861696595606094,-0.0010103833766414955,1.934236700272307,0.011836839832453157
2020-02-07,MSFT,0.24010754656833846,-1.8027508014450249,0.0214391332476823,59.88296064630146,0.008175957433258904
2020-02-07,GOOGL,-0.6842408110468845,0.09660005382679912,-0.023208420749930778,82.09471269854346,0.009524502909231769
2020-02-08,AAPL,-0.7019745499008776,-0.4137583930667979,0.015498998389387326,22.620274289176134,-0.017364691008914204
2020-02-08,MSFT,0.13340706132244728,1.8281326315568835,-1.0857495718776503e-05,0.46289304275768384,0.018102179437352785
2020-02-08,GOOGL,-0.1839226845589751,-0.053098927348555536,0.018909891838969514,35.82569023445369,0.007582283730834674
2020-02-09,AAPL,1.2530805292823355,-0.12592289720368327,-0.004048845228593902,0.8504776168885564,-0.006302308692143613
2020-02-09,MSFT,0.8711724229853388,1.3359179920527136,0.018062896357763137,98.88620588698589,0.015149184138271475
2020-02-09,GOOGL,-0.46145039493312595,-0.3598944373397275,0.031300564506260724,74.30256315675778,0.009609954689999792
2020-02-10,AAPL,-0.6084858687671985,-0.7049544206196201,-0.00883283606043776,8.34110560713227,0.004494515049216888
2020-02-10,MSFT,-1.3433262188322082,0.9543696970201063,-0.019239415985859466,60.38390686603557,-0.019717337758713597
2020-02-10,GOOGL,0.718222054543076,1.4292343462181685,0.03272535432465041,1.503610568766578,0.008870471034191127
2020-02-11,AAPL,-1.905854356678162,-0.3823477509586322,-0.03500757468221243,74.99471801993793,-0.0011902210920006482
2020-02-11,MSFT,2.274016409644978,0.9184094241859538,0.005144415276308529,45.79548611233641,0.010651792654277167
2020-02-11,GOOGL,-1.3303283987532513,0.13028213193256824,0.012594576257709536,16.206669047684773,-0.00028510632325644703
2020-02-12,AAPL,-0.5446138207342234,0.39525218513734983,-0.009254844434959384,57.20039132363583,-0.024573518049491518
2020-02-12,MSFT,0.34583841131972176,-1.4379554668555892,0.013482502076423387,77.25339504366188,-0.008604828354621811
2020-02-12,GOOGL,-0.8225413413500697,0.9911229597383442,-0.012506794876793124,32.68504473447684,-0.009589126432467558
2020-02-13,AAPL,1.5319627069143429,0.34188742425268553,-0.04445035881328734,13.837921860936186,-0.007896314481450312
2020-02-13,MSFT,-1.416973577026299,-1.2386320357264553,0.013187520537593011,94.81046666225511,-0.021113375936545168
2020-02-13,GOOGL,-0.7296699427639185,1.383866492680785,0.03097472724774103,60.83967728256792,0.015291142748099439
2020-02-14,AAPL,1.3670894819320938,0.4851488323897308,-0.007742568984225695,45.699377115853814,0.0020910869558928196
2020-02-14,MSFT,-1.1191172685870603,-0.45494569428428516,-0.02191291638150869,86.45361362455272,0.0012129050661286512
2020-02-14,GOOGL,0.9762860141037857,0.7537037217053185,-0.00768759208189687,26.577503330368813,-0.021515912709230353
2020-02-15,AAPL,-0.48432031942249965,-0.09523223723710189,0.0011802296123470805,4.0681941173183915,-0.000755314306269514
2020-02-15,MSFT,-1.5713599675118828,-0.04875277990562965,-0.022268077709721636,94.30279334897857,0.002709730159714802
2020-02-15,GOOGL,-0.2013676013069102,0.7512240740742978,-0.00384507627094108,60.98028656718936,-0.021148592876433944
2020-02-16,AAPL,-1.3589553497752023,1.934922918344506,-0.041540373846371374,4.7262859228880405,-0.004046672039177631
2020-02-16,MSFT,-1.7862697172441402,-0.4381421576357058,0.006579656793627119,5.013419809759245,-0.0060802003213174605
2020-02-16,GOOGL,-0.972749394940808,1.814818113306418,0.004920368480550661,44.16401033696376,-0.0011584223601034842
2020-02-17,AAPL,-0.44624966646922815,-0.4607625695229958,0.01540740288396186,31.13790363408081,-0.00355100970965746
2020-02-17,MSFT,0.027471724311170755,0.7452292057105413,-0.030613568001594826,16.82481712710243,-0.011118689995525911
2020-02-17,GOOGL,-1.394336422885338,0.398789803321848,0.022774828227150174,91.79045250416775,0.007510505519047087
2020-02-18,AAPL,0.3230766472055806,-0.5792320746842852,0.0064906154475774394,99.6594268186296,-0.008127876628224014
2020-02-18,MSFT,-0.5403422817819428,1.682857108866689,0.023841784595003884,73.07862576990354,0.010620240058152666
2020-02-18,GOOGL,0.08243338150212015,1.55944732614409,0.009016591104304925,0.22270441767675564,-0.0032170805443619433
2020-02-19,AAPL,-0.11491005818378494,0.5466643897262563,-0.014020165994334309,27.922503316755108,0.007941824272268026
2020-02-19,MSFT,-1.2777187883470382,0.6809900377134707,0.012324607705763125,91.5473379520816,0.005635131641126725
2020-02-19,GOOGL,1.8055496064888785,0.614007917544434,-0.01568603380469491,44.04715833738987,-0.015178110703146168
2020-02-20,AAPL,-0.832633283352467,-0.46095222592704443,-0.012309041620598416,45.579566497620405,-0.013266757531062646
2020-02-20,MSFT,0.3193150458545126,0.8831905916234241,-0.002070245307310589,57.00056361822602,0.0009526345023455049
2020-02-20,GOOGL,1.518231357088264,2.4601736793819695,0.005809100986805478,48.849354882528864,0.0011968309099740317
2020-02-21,AAPL,0.12039257910716444,-0.7117126199895456,-0.008821306778307317,78.57352943129898,-0.0006189217712781831
2020-02-21,MSFT,0.30916142112077205,-1.507775132718276,-0.04076851794244773,88.30034673916148,-0.018485600063187238
2020-02-21,GOOGL,-2.4726596486606938,-1.0507106471682708,-0.005409204954750644,53.81643192069794,-0.0063165862691624336
2020-02-22,AAPL,0.812348374287066,-1.9368068444251212,0.02009093967605832,9.282797608106163,-0.015697252783592998
2020-02-22,MSFT,-2.241375523361961,0.24340374970251175,0.014989939640344499,56.51961659278465,0.021007173073970535
2020-02-22,GOOGL,-0.021447739391764035,0.2865665646580386,-0.0009482999261034709,45.215287161694775,-0.00036310366221641656
2020-02-23,AAPL,-0.43151156063940865,0.8096296311684488,-0.006668076893521136,11.335190339978041,-0.00062835490162836
2020-02-23,MSFT,-0.11427610871519682,-0.7733411459595319,0.004876820684284086,29.334629086502307,-0.00010620139983458579
2020-02-23,GOOGL,0.8424705201489638,-0.3342289232918979,-0.01634318527747848,78.69778442557528,0.009847601945161962
2020-02-24,AAPL,0.5041217428111399,0.6670574650676665,0.0010022626884530555,97.90361424282035,-0.009189443102855542
2020-02-24,MSFT,0.16263869255119706,0.798159931397036,0.015946159194660418,88.9427185744594,-0.0054663689398563664
2020-02-24,GOOGL,-0.5716139334523331,0.6228962593685173,0.018496864748696603,2.9849265420001214,0.007325919487638425
2020-02-25,AAPL,-0.7680402423272454,0.6851239252942376,0.010421636134979274,99.83700772770558,0.0003397658596571679
2020-02-25,MSFT,1.198105149023799,1.0819906970880238,-0.004256261502432451,33.4793665586901,-0.0003661129712929739
2020-02-25,GOOGL,0.28288498649752564,0.4761464669821431,0.004687543873526319,68.60618929850655,-0.011200358067552112
2020-02-26,AAPL,-0.11197259171732263,0.008362284443775651,-0.021481824222701985,64.51056036566051,-0.013122850001419911
2020-02-26,MSFT,0.8665065387352329,-0.4271237430970559,0.0525352285457068,43.52987476301339,0.015233508389536693
2020-02-26,GOOGL,2.332768990401105,-1.918602712811172,0.0072344102903350626,82.92572312157445,0.0021178137808856782
2020-02-27,AAPL,0.03670221834536552,0.1540680373311724,-0.020465581892720623,60.97510601577366,0.00786344033917425
2020-02-27,MSFT,-0.3636418970011851,-0.9317612511919158,-0.02456927390127315,42.59119151527469,-0.015383020769073203
2020-02-27,GOOGL,2.1000532778488465,-0.33149540809049605,-0.015716664383249073,6.6059301257471725,-0.0015415835537451845
2020-02-28,AAPL,0.11064031786044705,-1.7960716090880047,0.02125537807587143,11.13480765269096,-0.020804807378216602
2020-02-28,MSFT,-0.6657987501686411,1.3712932220467586,-0.021567790282321062,90.08098523747863,0.00271433746973531
2020-02-28,GOOGL,0.455853805188496,0.7272912731319111,0.013133018928387072,64.6529989600291,0.0016039675876567334
2020-02-29,AAPL,-0.975261363006294,0.250260886005426,0.017198232912651552,91.17727901697111,-0.014175517895503276
2020-02-29,MSFT,-0.3616881528084121,-0.9489479562373409,0.013070340284845567,79.72507395711428,0.0014932281342653333
2020-02-29,GOOGL,0.9753787920813528,-0.24468037880178298,-0.0009064712123836412,55.151417703426986,0.013035986524798513
2020-03-01,AAPL,0.5519083348367179,0.3441843418417111,0.01581513582728961,31.22444157505131,-0.010182705652209701
2020-03-01,MSFT,0.9181869344613293,0.20337093080309215,-0.015629646746152477,36.60105191575684,-0.005581965532376103
2020-03-01,GOOGL,-0.06219666852947537,-0.26904302560007437,-0.01911983955377619,71.6973840555373,0.004786571355893964
2020-03-02,AAPL,-0.16946837414380841,-0.906281667901479,-0.003642592125731584,40.829853228242655,-0.010882430044841357
2020-03-02,MSFT,-0.2757797449750542,-0.7751936942413211,0.02405784046225542,72.82135897271954,-0.017868288367462844
2020-03-02,GOOGL,-1.3550833380171836,-0.3673138351853655,0.005023076249088605,9.508665705479746,-0.015057701181079342
2020-03-03,AAPL,-0.23931709722439234,-0.20318400224711106,0.026867744260608558,88.44715102518757,-0.004701202884524442
2020-03-03,MSFT,0.5555200039021844,-0.5649831487571707,-0.025395675361579006,89.42385550002045,-0.006062753732260701
2020-03-03,GOOGL,-0.22889836061918473,0.6734637929359063,0.0015039454950394522,57.6031924835953,0.025190425017567488
2020-03-04,AAPL,0.7470998070827563,-0.4532233605033979,-0.032344085290073266,21.934961001821453,-0.017470868882545874
2020-03-04,MSFT,0.6197137188206918,-0.2780626339039873,-0.020834930919557078,33.77248826806563,0.00467064163114041
2020-03-04,GOOGL,0.9692099358654289,1.2144692418403065,0.002317107429651313,7.579845557655396,0.008485600671256695
2020-03-05,AAPL,-0.8783268511548737,-1.6129795230908313,0.02106879899138417,70.75392152083745,-0.004898970185341091
2020-03-05,MSFT,-1.4746227341202547,0.5275123650543386,-0.006706322705563379,35.33144468238548,-0.0022035477485597655
2020-03-05,GOOGL,-2.6371018699112607,-0.868583435834724,0.008194166495364728,52.497537591280874,0.00032270010605552437
2020-03-06,AAPL,-0.2100536275996451,1.2270154835099683,0.011879127103859063,75.79865978109078,-0.0177976503676623
2020-03-06,MSFT,-2.0516529580635807,1.4305290018441137,-0.017421413289339115,52.44907633424047,0.00011004076322312089
2020-03-06,GOOGL,-0.4832199396642224,-1.0006242407277857,0.007531079683237713,52.38093908654102,-0.004596564061325352
2020-03-07,AAPL,-0.6094905350221694,0.47573303968606057,-0.03269243875344292,78.25085928696883,-0.0017649825236966752
2020-03-07,MSFT,-0.2735984726344494,-1.3610016919355212,-0.03724380238604625,5.72671406953077,-0.0036658262105466674
2020-03-07,GOOGL,-1.0843812504838315,-0.3995207028776775,0.00244293697892442,79.55678742134079,0.0023312964030019847
2020-03-08,AAPL,-0.16857575466925348,1.233079923621274,0.040975672075492416,67.29782598257094,0.0010085589475953356
2020-03-08,MSFT,-0.7165264685634085,-0.8095356352822818,-0.007839679416434151,90.31037982517898,-0.017605844338431997
2020-03-08,GOOGL,-0.5776623154092149,1.646752928600152,0.020558510223299575,58.28254436126513,-0.0029344247872227494
2020-03-09,AAPL,-1.4523654264501704,0.6245385126569731,0.004865665494260976,62.31041408494434,0.00881609145817636
2020-03-09,MSFT,-0.08725393511392189,-0.43113666945778106,0.026701079306254757,20.411035342801842,-0.006465340958063391
2020-03-09,GOOGL,0.1971584793797369,-2.0305096454049845,0.00301939085588232,9.251644812578286,-0.00019355544280407486
2020-03-10,AAPL,0.7838222233284411,0.15283370549798014,0.021606363169924776,24.85066343563259,-0.005413297512608315
2020-03-10,MSFT,-0.7014843750503136,-0.6512520079441355,0.005055438616453587,29.629816674379082,0.006472276888315246
2020-03-10,GOOGL,1.8456891758868657,0.46707433158646094,-0.03132296575651586,54.36219286261932,-0.0012581979602621569
2020-03-11,AAPL,0.7681312126181535,2.4460174367424283,0.007678198103313266,35.25119710940183,-8.174054313299642e-05
2020-03-11,MSFT,0.4242166667935203,0.054836709411415156,-0.003686899199503803,46.70304509696995,-0.004211953707610354
2020-03-11,GOOGL,-1.395965609701777,-1.2500371113973665,-0.026122367070239468,87.71440027835504,-0.009591703127058693
2020-03-12,AAPL,-1.1952641394134844,1.040910102852411,-0.0016053806459716117,37.70963456756895,0.011468616949273695
2020-03-12,MSFT,-0.9777083111907855,2.514095368643962,-0.024300090520864723,55.03386655666339,-0.003106625589357124
2020-03-12,GOOGL,-1.032650632499967,1.3165073808100773,-0.009487197370149157,23.271657479525633,0.005356708734192949
2020-03-13,AAPL,0.5536932822581165,-1.8005816292007353,-0.010032455799793448,61.2163469391418,-0.008770228610731156
2020-03-13,MSFT,1.1368025246849998,-1.3833433982263745,-0.002819739495106875,25.95107328099777,-0.0070014034340281275
2020-03-13,GOOGL,-1.2049038899625282,1.1617883876621702,0.001337707724753428,85.50518862441638,0.010169194279562954
2020-03-14,AAPL,0.3219550275677913,-0.37761800241716503,-0.019435857059625316,64.00436101267753,-0.0037338201533164035
2020-03-14,MSFT,-0.10365398850865166,1.7680369808409142,0.01541631428202213,79.24636870939793,-0.008513787209371971
2020-03-14,GOOGL,-2.357165877296024,0.3803646274298384,0.007143547341763328,82.42874985609649,0.01030120510945004
2020-03-15,AAPL,0.5316162979160459,-1.3479060911780973,0.013514885010614102,88.94885725135292,0.007226736671114935
2020-03-15,MSFT,0.06921042141083363,1.2402710775099555,0.03268719214784453,94.94987497673428,0.013977810085997218
2020-03-15,GOOGL,0.5106701667586195,-0.9717236792402051,0.003338536634420778,39.25568174533557,0.00219002574808709
2020-03-16,AAPL,-0.37832923153685455,0.9180125439587773,-0.011799574121274279,76.26178215832653,0.0006696583737572207
2020-03-16,MSFT,-0.78247491477319,0.2524999282605879,0.02790019590611333,31.079059459358593,0.0002582030746181026
2020-03-16,GOOGL,0.5550130047230136,-0.8617997564867513,-0.02311279265007448,52.973355428308174,-0.004289162383526294
2020-03-17,AAPL,-0.9366506057830495,-0.9103898254313817,0.03047976571664517,82.20353036060611,0.006431694166400245
2020-03-17,MSFT,-0.02759604221681949,-0.19207508738518655,-0.016722134224140622,86.79808159571817,-0.0063495746815654865
2020-03-17,GOOGL,-1.1612162205308176,1.6849230858788644,0.02054467028516577,43.47731468334351,0.000789699044210416
2020-03-18,AAPL,-0.7499587811583954,0.94368124483403,0.006417813492212071,73.29062448145122,-0.0179525285975494
2020-03-18,MSFT,0.3312782866379234,-0.47788123573212776,0.03365395275399597,66.56724199077335,0.0016876497465078792
2020-03-18,GOOGL,-1.7256326455787259,-0.5872601356880631,0.012562242597343046,83.31975377868784,0.007595740091428609
2020-03-19,AAPL,-0.13957735873385135,0.8878629061679397,-0.0361926591516219,80.52553149907517,-0.006440549158888709
2020-03-19,MSFT,-1.0816293090860012,-0.2330062972696211,-0.013348680952380003,58.1686285616695,-0.016093191411555255
2020-03-19,GOOGL,-0.38563147865406944,0.3761462707459858,0.017108255859260176,38.56068352433994,-0.007576799844695004
2020-03-20,AAPL,0.42921519945540626,-1.0310824483300682,-0.036862790803553654,95.02429067402231,0.00745325157359239
2020-03-20,MSFT,-0.1958457179915906,0.6201303627128242,0.03025607136611779,62.00910911459543,0.01742675775123445
2020-03-20,GOOGL,0.46624695436369906,-0.3184561520676473,0.0016205863013825236,17.214584203365913,0.01232042249880488
2020-03-21,AAPL,0.11841705711897707,2.102696539217824,-0.006037541882178041,73.02465721597785,-0.01620834439422939
2020-03-21,MSFT,0.5998749536794046,-0.8347711704151224,-0.007027418338900806,84.90501003952122,-0.005677233269248265
2020-03-21,GOOGL,-0.8681615334154332,0.25318760320292133,0.027945825628932917,37.396075525016116,0.011247849580636906
2020-03-22,AAPL,0.19824821028213988,0.68847000769236,0.017181399147966746,22.336121085714687,-0.0006495431350769802
2020-03-22,MSFT,-0.06482545843534325,1.3089632121303987,0.015172713689784853,10.906128759752043,-0.005481405512611918
2020-03-22,GOOGL,-0.08951784725493331,-1.9667148232847633,-0.0005182219809465071,83.00329808299038,-0.0016092896680408727
2020-03-23,AAPL,-1.0416989464555806,1.345529097865553,0.005375485197503776,51.00045776428637,-0.01313037777046033
2020-03-23,MSFT,1.2386142069033625,0.9092775089964644,-0.0023788569330030953,74.5694140870591,0.005291714286192153
2020-03-23,GOOGL,0.39901154367350355,-1.108083594601026,-0.014640868291079077,58.968960428461294,-0.020696471369536104
2020-03-24,AAPL,0.48368841375272875,0.20205011263140324,-0.014927373034321715,88.40160333464684,-0.005954654867642662
2020-03-24,MSFT,-0.12152810046447021,2.750713511634245,0.005102812642978444,17.93804967235124,0.004225217698836246
2020-03-24,GOOGL,1.813641629917545,0.6337916907839545,-0.0014148957204732705,62.08273818968746,0.005876272377498586
2020-03-25,AAPL,-0.4684035472223677,1.129404371103321,-0.021860652811907008,16.747052782197557,0.00753027214273919
2020-03-25,MSFT,-1.5718548164881996,-0.6156394588811874,-0.004512805780176294,12.14752543626716,0.005998771412019885
2020-03-25,GOOGL,1.0371539409441677,1.9271590713137725,0.0031231172196850795,75.48230343329153,-0.004972445203416539
2020-03-26,AAPL,0.34191612784944037,1.2983650369234307,-0.02162333609850564,10.343607270887123,0.0023511259195454076
2020-03-26,MSFT,1.6889335587782122,0.1604254413825459,-0.01595638248039901,19.56847443196161,0.0008987049810344405
2020-03-26,GOOGL,1.4011797046549248,0.5799530789482584,0.0019067805820170093,68.5515756617534,0.0016991270381715793
2020-03-27,AAPL,-0.04493283606465725,-1.1774456334937038,-0.004674413499006853,5.051399413065494,0.0013047815256951123
2020-03-27,MSFT,1.588167581586752,-0.244849293000809,0.0008681861430630042,25.902201662640156,0.007599738267165557
2020-03-27,GOOGL,-0.9419381865677399,-0.41307304536131606,-0.003101129159880517,79.21140256335728,-0.010137904310906234
2020-03-28,AAPL,0.3282721130829458,1.6453251865185317,0.009008424512803745,62.42398854494478,0.017963377192610736
2020-03-28,MSFT,-2.3844968380873577,-0.7069669495255867,-0.0339173733965949,78.93900283491779,0.00687841474769918
2020-03-28,GOOGL,1.203494437590366,-0.44605051596290085,0.0002720386050329833,86.72207468569339,0.01279298387039456
2020-03-29,AAPL,-0.9434238002989997,-0.20934886987211687,0.013328308426542092,40.33896306004316,0.0008714154628742256
2020-03-29,MSFT,-0.2432712362890655,-0.39486498121242336,0.002009089372996217,82.60652372829541,-0.01765381128210168
2020-03-29,GOOGL,0.602058480630962,-0.058585776560794306,-0.008278151734629945,33.043499194250046,-0.0058879559562568075
2020-03-30,AAPL,-1.1442860313885668,-0.1647684315382438,0.005286240782552655,58.066344553405834,-0.007479526017221016
2020-03-30,MSFT,0.28686297529306554,0.17729935853124631,0.018673439770090335,45.36543987021818,-0.0033782281377071365
2020-03-30,GOOGL,0.27849875440956967,2.1266652161410913,0.05259489973192383,76.07183721532788,-0.0035262353952167365
2020-03-31,AAPL,1.365352498791673,0.3911850724514688,0.011387249241257806,2.9133646015932713,-0.0006579594067708257
2020-03-31,MSFT,-0.8952859413420886,-1.9720171644501536,-0.030788806145009284,52.38899706250758,-0.020434760154714123
2020-03-31,GOOGL,0.3750176553091813,-0.5331526866349786,-0.014802416790725833,77.74131255970286,0.007181253247747177
2020-04-01,AAPL,0.6382107572556257,0.04397441726470531,0.008887287552988378,77.29643284750318,-0.0005153080984170018
2020-04-01,MSFT,-0.5038912159540333,0.2813595923604982,-0.030750501367336987,63.34618375733827,-0.003067808029595823
2020-04-01,GOOGL,0.043754906543471875,0.07127546218327606,0.009855232347344117,54.217673549147925,-0.0014236142994615067
2020-04-02,AAPL,-0.43842756769225116,-0.06993263399416541,-0.0027740564529160484,74.33137987811668,-0.010172407819119007
2020-04-02,MSFT,0.10399441108524751,0.980677169947004,-0.0049253677904840575,1.8023538975980635,-0.013357146735941164
2020-04-02,GOOGL,-0.32484990116269763,-1.8074254250026063,0.039785040518028295,25.77912066164737,0.004240957819096682
2020-04-03,AAPL,0.15097908298348395,1.160706595273908,0.006033458549925914,38.86235239626018,-0.02136673281215307
2020-04-03,MSFT,-0.6196411091184485,0.7298162434811252,0.019769003879873008,70.98610695331578,-0.00914468480410626
2020-04-03,GOOGL,1.3220800536787556,-0.5422663487102546,-0.01181293705261115,96.54575762524482,-0.032395722561155346
2020-04-04,AAPL,1.9134455096195904,-1.0305206286947746,0.023194422650148247,60.266559384684356,-0.005199367099617995
2020-04-04,MSFT,-0.9051617733133572,-1.7124289617331896,-0.0057350657300611054,36.61139389685737,-0.012688650228422287
2020-04-04,GOOGL,-0.8103685840659036,-1.8806277727147647,0.03926913552966652,63.73795178293633,0.011968582564654148
2020-04-05,AAPL,-0.2860440046387331,-0.841532672151034,-0.022741008078399627,15.904019125439639,0.0020290195540753676
2020-04-05,MSFT,1.1668199121639118,-1.170372628684151,0.020529497242450984,76.52567600002897,0.00857202291898385
2020-04-05,GOOGL,0.599135009910836,-1.3261913995942547,0.010787584915896951,47.818160024923436,-0.018491609040564235
2020-04-06,AAPL,-1.3203790280774652,-0.692835271845584,-0.015528314693437227,67.25762589616235,0.000368876624166794
2020-04-06,MSFT,0.07539809750994887,0.3589206890585975,-0.01164333462589579,1.9840071702068918,-0.0016783288199446376
2020-04-06,GOOGL,0.33108972569242956,-0.7808256391911378,-0.029357916177934668,31.68144157290965,0.003149979157956122
2020-04-07,AAPL,-1.7997070905237635,0.565366885810696,0.016289612240188524,75.46807861515653,-0.004324288838292414
2020-04-07,MSFT,1.7007914668644726,0.585756311899896,-0.01107224661061366,34.98993313999522,0.0061197779410108455
2020-04-07,GOOGL,-0.7212411851665016,0.7063225238139601,-0.01013936372543011,45.55899385701533,-0.0007119676263769971
2020-04-08,AAPL,-0.18784364080747745,-0.7586145412665972,-0.006410064704403464,3.3131618667654794,0.0007507835652982812
2020-04-08,MSFT,0.46003117056102416,-0.8862022495599322,-0.003239237013825879,61.56527434117126,0.011370119107151367
2020-04-08,GOOGL,0.17243757944883684,-0.2648566878972801,0.01835359067808521,6.972481335041969,0.0010140543994098489
2020-04-09,AAPL,0.22693655584876773,1.6882423673669644,0.024589089932751742,75.11170336375281,-0.02763527477978876
2020-04-09,MSFT,-2.3933480161511564,1.2466816359711337,-0.011666556345391883,33.777782288168346,-0.00954121496123461
2020-04-09,GOOGL,-0.5043202620898832,2.0029488367792805,-0.019678059336791537,22.858768349257275,0.0038107705506078087
